date,countries,tracker
2005-03-31,AM,8.151145679338338
2005-06-30,AM,14.815891777388686
2005-09-30,AM,14.60205464980765
2005-12-31,AM,17.531126069313785
2006-03-31,AM,10.877573471552036
2006-06-30,AM,19.214335086485047
2006-09-30,AM,12.23228098559213
2006-12-31,AM,10.78453493250547
2007-03-31,AM,11.259370876895208
2007-06-30,AM,10.645332987720757
2007-09-30,AM,15.215424235142525
2007-12-31,AM,14.712072435742295
2008-03-31,AM,12.853507115540907
2008-06-30,AM,9.27054325906919
2008-09-30,AM,15.550941908151978
2008-12-31,AM,-5.215873505430139
2009-03-31,AM,-1.2311534019716182
2009-06-30,AM,-7.255375428305605
2009-09-30,AM,-10.03168752121351
2009-12-31,AM,-4.193015551672739
2010-03-31,AM,5.423530676392205
2010-06-30,AM,7.328549718801909
2010-09-30,AM,-4.4865709026084915
2010-12-31,AM,4.73202085111322
2011-03-31,AM,2.761265622317835
2011-06-30,AM,4.01727453979933
2011-09-30,AM,8.784614943926929
2011-12-31,AM,4.283743472544076
2012-03-31,AM,5.155391032517085
2012-06-30,AM,8.436245573928522
2012-09-30,AM,7.839580939782001
2012-12-31,AM,7.363345226727111
2013-03-31,AM,5.937593477030651
2013-06-30,AM,2.370338846556874
2013-09-30,AM,3.0044905632741346
2013-12-31,AM,4.3286188062438455
2014-03-31,AM,4.425816912966618
2014-06-30,AM,1.5985691787646759
2014-09-30,AM,4.535528055876732
2014-12-31,AM,3.6606263829572905
2015-03-31,AM,2.5361349851940265
2015-06-30,AM,3.7173620127552853
2015-09-30,AM,2.5648485426129235
2015-12-31,AM,3.752692951076741
2016-03-31,AM,2.4579295742888885
2016-06-30,AM,1.4515822485711098
2016-09-30,AM,0.5261133053226014
2016-12-31,AM,1.4893863746749325
2017-03-31,AM,6.471337770548598
2017-06-30,AM,4.999946430154995
2017-09-30,AM,4.799443461169877
2017-12-31,AM,7.217477630524999
2018-03-31,AM,6.3996006654726125
2018-06-30,AM,4.822292333409125
2018-09-30,AM,3.677925165826732
2018-12-31,AM,4.173229220034399
2019-03-31,AM,6.560575730886495
2019-06-30,AM,6.226490307777722
2019-09-30,AM,7.6544137367077045
2019-12-31,AM,5.399111114724799
2020-03-31,AM,0.5572561497602291
2020-06-30,AM,-10.079786196276531
2020-09-30,AM,-7.895837393805863
2020-12-31,AM,-7.0603173910262225
2021-03-31,AM,0.8964765801698638
2021-06-30,AM,4.641565331969095
2021-09-30,AM,4.7886580712776
2021-12-31,AM,8.442839724513728
2005-03-31,AU,4.041134840685014
2005-06-30,AU,2.2562452648958162
2005-09-30,AU,3.7402369221273197
2005-12-31,AU,4.109099759192246
2006-03-31,AU,2.3881928930099545
2006-06-30,AU,3.5256624115859863
2006-09-30,AU,2.9274318004625477
2006-12-31,AU,3.443607836906748
2007-03-31,AU,3.637255278828646
2007-06-30,AU,4.796369796799839
2007-09-30,AU,4.905970518470967
2007-12-31,AU,4.345264045840463
2008-03-31,AU,3.842114702610376
2008-06-30,AU,3.265626879578865
2008-09-30,AU,1.437390276496026
2008-12-31,AU,1.5057464490805166
2009-03-31,AU,0.02440173582556886
2009-06-30,AU,0.7915994173018931
2009-09-30,AU,2.4275615818284573
2009-12-31,AU,2.8210279287474718
2010-03-31,AU,3.193516926834552
2010-06-30,AU,3.3488688584465804
2010-09-30,AU,2.4674973392497934
2010-12-31,AU,3.3128445758914244
2011-03-31,AU,2.65996513563938
2011-06-30,AU,1.933030083407465
2011-09-30,AU,2.8217812561282742
2011-12-31,AU,2.9176805883851276
2012-03-31,AU,4.167965455036599
2012-06-30,AU,3.010935829639066
2012-09-30,AU,3.2030997107817782
2012-12-31,AU,3.4824984100810505
2013-03-31,AU,2.608869988134697
2013-06-30,AU,2.0652374007151453
2013-09-30,AU,1.9004288852869915
2013-12-31,AU,2.3679407763388194
2014-03-31,AU,3.3790626542358266
2014-06-30,AU,2.362956092403293
2014-09-30,AU,3.2373108542008224
2014-12-31,AU,4.049912165787637
2015-03-31,AU,2.164595321890592
2015-06-30,AU,3.7351672102451525
2015-09-30,AU,2.4324448160875365
2015-12-31,AU,1.4315325776029257
2016-03-31,AU,2.1311064121807988
2016-06-30,AU,2.4929442604319174
2016-09-30,AU,1.8133327095987213
2016-12-31,AU,1.8933031311958828
2017-03-31,AU,1.671190664544854
2017-06-30,AU,1.9906729521033
2017-09-30,AU,2.8778393485583136
2017-12-31,AU,1.7717138387453661
2018-03-31,AU,2.9153409463470843
2018-06-30,AU,3.82594562268914
2018-09-30,AU,2.1572925850587117
2018-12-31,AU,1.8727233919401425
2019-03-31,AU,2.918536581301521
2019-06-30,AU,2.4989845817409106
2019-09-30,AU,2.676403688345211
2019-12-31,AU,2.758198585314672
2020-03-31,AU,-2.940278648684462
2020-06-30,AU,-7.67925256045733
2020-09-30,AU,-0.9888138959100321
2020-12-31,AU,-1.976079873955813
2021-03-31,AU,2.3795707318836934
2021-06-30,AU,8.285789339764532
2021-09-30,AU,1.1059579580851095
2021-12-31,AU,2.1821535673255164
2005-03-31,AZ,24.834765669349913
2005-06-30,AZ,16.69488065264887
2005-09-30,AZ,24.34621468856124
2005-12-31,AZ,27.792798559465346
2006-03-31,AZ,31.56986948897014
2006-06-30,AZ,33.7136963840914
2006-09-30,AZ,33.143840700291875
2006-12-31,AZ,28.780458856048348
2007-03-31,AZ,26.465729494750406
2007-06-30,AZ,19.863156903479318
2007-09-30,AZ,22.855073667508446
2007-12-31,AZ,22.989209327503456
2008-03-31,AZ,9.890265973522995
2008-06-30,AZ,11.08268126305742
2008-09-30,AZ,10.789714717861
2008-12-31,AZ,11.246175971247943
2009-03-31,AZ,3.8984140258973037
2009-06-30,AZ,6.168980676625351
2009-09-30,AZ,7.322784889565261
2009-12-31,AZ,15.5160226147102
2010-03-31,AZ,6.409091193753651
2010-06-30,AZ,4.361868000226077
2010-09-30,AZ,3.805748295447978
2010-12-31,AZ,7.633500989169811
2011-03-31,AZ,-1.176399222089234
2011-06-30,AZ,1.959953095207678
2011-09-30,AZ,1.0386468412985375
2011-12-31,AZ,-1.7195317169323192
2012-03-31,AZ,1.9331928006351855
2012-06-30,AZ,1.810514796696014
2012-09-30,AZ,2.9725800158251277
2012-12-31,AZ,4.786260737866476
2013-03-31,AZ,4.555721385941569
2013-06-30,AZ,6.4726180711645585
2013-09-30,AZ,5.4187252279384674
2013-12-31,AZ,5.503589563601655
2014-03-31,AZ,3.6319645695804055
2014-06-30,AZ,1.4057576172159134
2014-09-30,AZ,1.9229331100234455
2014-12-31,AZ,2.140843739387317
2015-03-31,AZ,4.683728478332976
2015-06-30,AZ,1.7873789795963084
2015-09-30,AZ,1.9571853534263242
2015-12-31,AZ,2.64788236025509
2016-03-31,AZ,-1.037288842831864
2016-06-30,AZ,-0.6614666900958127
2016-09-30,AZ,0.43807662211993315
2016-12-31,AZ,-1.6958320939808575
2017-03-31,AZ,2.8539911826617144
2017-06-30,AZ,3.3655964207056757
2017-09-30,AZ,2.956096104794785
2017-12-31,AZ,1.4869838691835997
2018-03-31,AZ,3.2010680015185846
2018-06-30,AZ,1.5125482545144493
2018-09-30,AZ,2.066561265641865
2018-12-31,AZ,2.615925639692329
2019-03-31,AZ,3.201326337038348
2019-06-30,AZ,3.3364273023171775
2019-09-30,AZ,3.2390749892113235
2019-12-31,AZ,3.121179658185846
2020-03-31,AZ,1.6166805417172099
2020-06-30,AZ,-5.6392054719048135
2020-09-30,AZ,-6.366697508180107
2020-12-31,AZ,-7.049545964692831
2021-03-31,AZ,-2.901410482971632
2021-06-30,AZ,7.138089823539107
2021-09-30,AZ,3.5569230332856234
2021-12-31,AZ,5.684095173270455
2005-03-31,BN,0.5378950492254606
2005-06-30,BN,-0.7849843944785047
2005-09-30,BN,4.090684756051187
2005-12-31,BN,2.554104521142828
2006-03-31,BN,2.0785315780348372
2006-06-30,BN,3.7243872179707447
2006-09-30,BN,7.427485189349815
2006-12-31,BN,4.978219715801011
2007-03-31,BN,-1.3886605901640738
2007-06-30,BN,-0.18493874451921832
2007-09-30,BN,-1.3145825610868944
2007-12-31,BN,2.6699072853717407
2008-03-31,BN,-4.767878014250367
2008-06-30,BN,-2.526629486665302
2008-09-30,BN,-1.6320514693681942
2008-12-31,BN,2.724772454402794
2009-03-31,BN,-1.1342358121949716
2009-06-30,BN,-3.625240147107976
2009-09-30,BN,-3.025195382087399
2009-12-31,BN,2.4739519355037123
2010-03-31,BN,3.5797278893811986
2010-06-30,BN,5.024124649443097
2010-09-30,BN,3.0029825913103805
2010-12-31,BN,1.3429957860074881
2011-03-31,BN,2.659541548293193
2011-06-30,BN,3.9528289970154886
2011-09-30,BN,3.5111132028828798
2011-12-31,BN,2.460316424892241
2012-03-31,BN,2.2133222871951435
2012-06-30,BN,1.6860428398676022
2012-09-30,BN,-2.4622028971990177
2012-12-31,BN,2.715655933956614
2013-03-31,BN,0.27339865691279036
2013-06-30,BN,3.1620047274420253
2013-09-30,BN,-2.987725876169096
2013-12-31,BN,-8.578905792568817
2014-03-31,BN,-2.2997276989018594
2014-06-30,BN,-2.257882663816947
2014-09-30,BN,-0.17662871708467112
2014-12-31,BN,-0.6280464700030008
2015-03-31,BN,-3.337084445235619
2015-06-30,BN,0.1599314802685891
2015-09-30,BN,1.2897483516001504
2015-12-31,BN,1.7192187263573941
2016-03-31,BN,1.3230153989929614
2016-06-30,BN,-2.888454385421009
2016-09-30,BN,-2.6945694430254656
2016-12-31,BN,-2.4297588828771164
2017-03-31,BN,-0.4786193888078496
2017-06-30,BN,-0.04207354891311536
2017-09-30,BN,2.453400516792783
2017-12-31,BN,1.2031904156650868
2018-03-31,BN,0.9239277088858092
2018-06-30,BN,-1.6150607980437315
2018-09-30,BN,-1.2156589299555953
2018-12-31,BN,0.4879303680408745
2019-03-31,BN,-0.6767181193164414
2019-06-30,BN,3.0167193046156187
2019-09-30,BN,0.22996323741562516
2019-12-31,BN,2.7397481887994166
2020-03-31,BN,-1.3585649115164666
2020-06-30,BN,-2.722271353105139
2020-09-30,BN,-2.402822338491653
2020-12-31,BN,-6.427872673288226
2021-03-31,BN,-2.20036327571227
2021-06-30,BN,2.7434761125148617
2021-09-30,BN,-2.483081295038926
2021-12-31,BN,0.7272067144717557
2005-03-31,CN,10.192161565913196
2005-06-30,CN,9.874636439215944
2005-09-30,CN,12.494055591878393
2005-12-31,CN,14.124647531635617
2006-03-31,CN,13.561556400352071
2006-06-30,CN,13.689189462801261
2006-09-30,CN,11.94650894349986
2006-12-31,CN,11.675577940737716
2007-03-31,CN,14.245025209555465
2007-06-30,CN,14.299450662459957
2007-09-30,CN,14.811587345973166
2007-12-31,CN,12.133921084666135
2008-03-31,CN,10.088857885775967
2008-06-30,CN,9.060268287443092
2008-09-30,CN,9.053213657937834
2008-12-31,CN,6.865626978816105
2009-03-31,CN,7.514693867655751
2009-06-30,CN,7.993801803418134
2009-09-30,CN,10.720863624643842
2009-12-31,CN,11.998326937795271
2010-03-31,CN,9.86380371551328
2010-06-30,CN,10.342578026658913
2010-09-30,CN,10.765531510080645
2010-12-31,CN,10.851869594339746
2011-03-31,CN,9.661420250289108
2011-06-30,CN,9.790821317995247
2011-09-30,CN,8.850714504807964
2011-12-31,CN,8.004462134142628
2012-03-31,CN,8.204493233178
2012-06-30,CN,8.687901052069204
2012-09-30,CN,8.288762702925245
2012-12-31,CN,9.871238702064726
2013-03-31,CN,9.458223057335374
2013-06-30,CN,9.086438062545325
2013-09-30,CN,8.235656953499747
2013-12-31,CN,8.424944385252772
2014-03-31,CN,8.331509509655106
2014-06-30,CN,7.810109260808164
2014-09-30,CN,7.099232945474549
2014-12-31,CN,8.693522425006714
2015-03-31,CN,7.666346100151657
2015-06-30,CN,7.2628384581378755
2015-09-30,CN,8.91345347405573
2015-12-31,CN,9.26789126210553
2016-03-31,CN,6.107111520188466
2016-06-30,CN,7.162969721129409
2016-09-30,CN,7.14222531257519
2016-12-31,CN,7.093904940386859
2017-03-31,CN,7.75383639732766
2017-06-30,CN,6.793726790686657
2017-09-30,CN,7.243030754887182
2017-12-31,CN,6.951485616496382
2018-03-31,CN,6.3161926403796524
2018-06-30,CN,7.267595303519817
2018-09-30,CN,6.932584186940501
2018-12-31,CN,6.850235070529071
2019-03-31,CN,6.754870668600288
2019-06-30,CN,7.930601196677111
2019-09-30,CN,7.2348563717976315
2019-12-31,CN,7.876574954228613
2020-03-31,CN,0.31423110448061564
2020-06-30,CN,6.16524679655702
2020-09-30,CN,5.202399528396013
2020-12-31,CN,8.392259817030524
2021-03-31,CN,14.664033742505913
2021-06-30,CN,7.903134838860012
2021-09-30,CN,8.24040694269043
2021-12-31,CN,6.575561345364354
2005-03-31,GE,9.077563502147807
2005-06-30,GE,8.909966102360926
2005-09-30,GE,12.63705634952193
2005-12-31,GE,7.89185573244197
2006-03-31,GE,7.949277069409449
2006-06-30,GE,8.069299001250425
2006-09-30,GE,10.994434316062915
2006-12-31,GE,10.923738258932216
2007-03-31,GE,12.039411414264478
2007-06-30,GE,13.436730488884246
2007-09-30,GE,12.575209789823292
2007-12-31,GE,11.617026860085893
2008-03-31,GE,11.559577854097718
2008-06-30,GE,8.071843504524846
2008-09-30,GE,-4.435096281668569
2008-12-31,GE,-0.8039149644754309
2009-03-31,GE,-4.9421641152417415
2009-06-30,GE,-8.03758307160842
2009-09-30,GE,-0.16026946107267404
2009-12-31,GE,1.3456544417367349
2010-03-31,GE,2.922627164624706
2010-06-30,GE,12.211135842040417
2010-09-30,GE,14.846714348386433
2010-12-31,GE,15.776947872476063
2011-03-31,GE,6.754539956138051
2011-06-30,GE,7.227749477273214
2011-09-30,GE,7.675209034775302
2011-12-31,GE,6.934170975788193
2012-03-31,GE,7.374819754962429
2012-06-30,GE,7.245006425071244
2012-09-30,GE,4.884142748734495
2012-12-31,GE,3.77195924875245
2013-03-31,GE,4.979846613746013
2013-06-30,GE,3.2482023654568337
2013-09-30,GE,4.502800408314771
2013-12-31,GE,5.115710112006726
2014-03-31,GE,4.851513749749898
2014-06-30,GE,5.154055576644899
2014-09-30,GE,3.385900213449678
2014-12-31,GE,3.6606204755189693
2015-03-31,GE,4.058347724285163
2015-06-30,GE,4.531249533724827
2015-09-30,GE,2.3640728219966682
2015-12-31,GE,1.7727451346846
2016-03-31,GE,2.0276377474617444
2016-06-30,GE,2.8099113554313404
2016-09-30,GE,2.853585070016007
2016-12-31,GE,3.720017636478474
2017-03-31,GE,2.5904699759029355
2017-06-30,GE,4.702832194175958
2017-09-30,GE,3.730232970486631
2017-12-31,GE,4.278213094855206
2018-03-31,GE,6.89502163839457
2018-06-30,GE,5.118516767051913
2018-09-30,GE,4.207464251180371
2018-12-31,GE,3.7830787279663616
2019-03-31,GE,3.8936434635529364
2019-06-30,GE,4.0996299866127375
2019-09-30,GE,4.505061853580325
2019-12-31,GE,3.974330258017184
2020-03-31,GE,2.1237973625778923
2020-06-30,GE,-9.63822195803675
2020-09-30,GE,-6.994504573888824
2020-12-31,GE,-6.3172240814849
2021-03-31,GE,-3.016120222787083
2021-06-30,GE,6.2250442019504515
2021-09-30,GE,6.307063407826716
2021-12-31,GE,6.119014980427383
2005-03-31,HK,7.208399815498813
2005-06-30,HK,6.917902370946709
2005-09-30,HK,8.407654898783408
2005-12-31,HK,6.6855440371429635
2006-03-31,HK,8.526315334553363
2006-06-30,HK,6.377432024660921
2006-09-30,HK,7.717496851245227
2006-12-31,HK,6.0862049620857706
2007-03-31,HK,5.6757912157
2007-06-30,HK,3.536058013059376
2007-09-30,HK,6.463550771020212
2007-12-31,HK,6.239459725428884
2008-03-31,HK,4.909050174986744
2008-06-30,HK,3.7949881141529795
2008-09-30,HK,1.307755394803434
2008-12-31,HK,-2.8993146700202295
2009-03-31,HK,-6.974741895083676
2009-06-30,HK,-2.0783705600651703
2009-09-30,HK,-2.221487056263073
2009-12-31,HK,3.3452894903147685
2010-03-31,HK,7.27241544002445
2010-06-30,HK,5.716213915182941
2010-09-30,HK,6.642925083427019
2010-12-31,HK,6.480264330906666
2011-03-31,HK,7.068505779141937
2011-06-30,HK,3.554754410006074
2011-09-30,HK,4.885243630221769
2011-12-31,HK,2.9797243739400807
2012-03-31,HK,1.4782174913893684
2012-06-30,HK,1.4580184295932832
2012-09-30,HK,2.035349436839047
2012-12-31,HK,2.5078879394331373
2013-03-31,HK,2.8079747539660533
2013-06-30,HK,2.6760244588323863
2013-09-30,HK,4.70276662656836
2013-12-31,HK,3.4607141101845413
2014-03-31,HK,3.6629633179549854
2014-06-30,HK,3.51293673793322
2014-09-30,HK,2.6214908729455915
2014-12-31,HK,2.318964106586516
2015-03-31,HK,2.3641169255252046
2015-06-30,HK,3.4551968100352233
2015-09-30,HK,1.2082051140020431
2015-12-31,HK,2.402187177067086
2016-03-31,HK,2.3142433094006014
2016-06-30,HK,1.3398676571013226
2016-09-30,HK,2.0928370460555237
2016-12-31,HK,3.2164082667171883
2017-03-31,HK,3.9763948197060905
2017-06-30,HK,5.271801225035267
2017-09-30,HK,4.5805138690458005
2017-12-31,HK,3.7394630198939844
2018-03-31,HK,3.018687461697068
2018-06-30,HK,2.6181586006459163
2018-09-30,HK,2.5213790936423313
2018-12-31,HK,1.1706544679597544
2019-03-31,HK,0.14004068379290588
2019-06-30,HK,-0.135767118924304
2019-09-30,HK,-1.55798616930435
2019-12-31,HK,-1.5553766840289547
2020-03-31,HK,-6.615094864322205
2020-06-30,HK,-9.32784654493665
2020-09-30,HK,-5.139214475074078
2020-12-31,HK,-3.2469643175259852
2021-03-31,HK,4.909667081999125
2021-06-30,HK,5.694360801031946
2021-09-30,HK,4.663391571086018
2021-12-31,HK,1.332873523031414
2005-03-31,ID,7.178847180567135
2005-06-30,ID,5.961503294510802
2005-09-30,ID,5.106808730820481
2005-12-31,ID,6.255873497100497
2006-03-31,ID,4.8167948144327095
2006-06-30,ID,5.189937040232627
2006-09-30,ID,6.004120350458802
2006-12-31,ID,5.620434023846732
2007-03-31,ID,6.436534043949054
2007-06-30,ID,6.5526005161643255
2007-09-30,ID,6.045848221808822
2007-12-31,ID,6.053904302851353
2008-03-31,ID,5.950468128955908
2008-06-30,ID,8.443866905178357
2008-09-30,ID,7.0775163393805105
2008-12-31,ID,5.085456644806821
2009-03-31,ID,3.8776897905764307
2009-06-30,ID,4.237485174091409
2009-09-30,ID,4.939320604441851
2009-12-31,ID,7.204807077559401
2010-03-31,ID,7.487878266456687
2010-06-30,ID,6.920139794903624
2010-09-30,ID,4.9496116358214115
2010-12-31,ID,6.481797187223478
2011-03-31,ID,7.223301883511505
2011-06-30,ID,3.920168450906252
2011-09-30,ID,5.756788404114652
2011-12-31,ID,6.492016527832144
2012-03-31,ID,6.106602078058282
2012-06-30,ID,7.519715509263889
2012-09-30,ID,5.456136827100112
2012-12-31,ID,7.596820865715861
2013-03-31,ID,6.122737893174112
2013-06-30,ID,5.31788734636042
2013-09-30,ID,5.796097012634807
2013-12-31,ID,5.602047186186779
2014-03-31,ID,4.897448344892739
2014-06-30,ID,5.827133443076937
2014-09-30,ID,4.875267159084107
2014-12-31,ID,5.151846971480692
2015-03-31,ID,4.700947579154596
2015-06-30,ID,4.698448801886038
2015-09-30,ID,5.979534581145821
2015-12-31,ID,4.725242224979537
2016-03-31,ID,5.139605520200081
2016-06-30,ID,4.839189318699411
2016-09-30,ID,4.5509579299770655
2016-12-31,ID,4.939623507572068
2017-03-31,ID,3.959463646623326
2017-06-30,ID,5.225818975452921
2017-09-30,ID,4.937283595779184
2017-12-31,ID,4.555317462067583
2018-03-31,ID,5.054520266743924
2018-06-30,ID,6.132912254329193
2018-09-30,ID,4.822735874759479
2018-12-31,ID,5.3957779875776914
2019-03-31,ID,5.068369441056136
2019-06-30,ID,4.425725396972797
2019-09-30,ID,4.799721477362231
2019-12-31,ID,5.039950196797064
2020-03-31,ID,2.1185790166505827
2020-06-30,ID,-7.00824225669071
2020-09-30,ID,-4.4485675050407805
2020-12-31,ID,-3.193359746148772
2021-03-31,ID,-0.6533048370227105
2021-06-30,ID,4.297470827352507
2021-09-30,ID,2.621656787259653
2021-12-31,ID,6.954052636338602
2005-03-31,IN,9.277911882651235
2005-06-30,IN,9.809142828340484
2005-09-30,IN,7.461266256005098
2005-12-31,IN,9.876619355527092
2006-03-31,IN,6.35950973380403
2006-06-30,IN,10.264707002977143
2006-09-30,IN,9.472550742582362
2006-12-31,IN,8.758192886383519
2007-03-31,IN,10.515579792320176
2007-06-30,IN,9.05381001165038
2007-09-30,IN,9.683925022561343
2007-12-31,IN,9.47019038552799
2008-03-31,IN,7.95522716840855
2008-06-30,IN,6.879537975224784
2008-09-30,IN,2.264437222905195
2008-12-31,IN,-0.008473440058550186
2009-03-31,IN,4.556974307364799
2009-06-30,IN,6.644764887794336
2009-09-30,IN,9.42233675032205
2009-12-31,IN,13.50282019213957
2010-03-31,IN,11.009845204691125
2010-06-30,IN,10.301391985768998
2010-09-30,IN,10.837705426159589
2010-12-31,IN,10.526194763892649
2011-03-31,IN,7.0088443174993715
2011-06-30,IN,4.447477057817151
2011-09-30,IN,4.485465154320913
2011-12-31,IN,3.8645621108424755
2012-03-31,IN,4.013090827005049
2012-06-30,IN,6.660947767290951
2012-09-30,IN,5.242249664294526
2012-12-31,IN,4.839261918517298
2013-03-31,IN,5.890404334552884
2013-06-30,IN,6.697417896896823
2013-09-30,IN,7.095439216779302
2013-12-31,IN,6.477000687587497
2014-03-31,IN,8.566876705191024
2014-06-30,IN,8.122400499749727
2014-09-30,IN,6.777595332919444
2014-12-31,IN,7.721215446866739
2015-03-31,IN,8.133281066077675
2015-06-30,IN,8.953016637989002
2015-09-30,IN,7.325333530924134
2015-12-31,IN,8.753875905856153
2016-03-31,IN,6.58310562822863
2016-06-30,IN,7.918567834313133
2016-09-30,IN,8.409869041836059
2016-12-31,IN,6.236510206018382
2017-03-31,IN,6.2641850838177
2017-06-30,IN,5.869804483118266
2017-09-30,IN,6.619672007222587
2017-12-31,IN,8.641868422056353
2018-03-31,IN,7.73331393314384
2018-06-30,IN,6.592269896440932
2018-09-30,IN,5.658415808280129
2018-12-31,IN,5.116389859888153
2019-03-31,IN,4.953195397235044
2019-06-30,IN,5.444374846804723
2019-09-30,IN,3.6917732029916883
2019-12-31,IN,3.1951120701845332
2020-03-31,IN,-9.871215346389247
2020-06-30,IN,-9.34258774430517
2020-09-30,IN,-0.3646077093899882
2020-12-31,IN,4.478135521773421
2021-03-31,IN,18.697393708221995
2021-06-30,IN,10.943117847196646
2021-09-30,IN,7.138192431286447
2021-12-31,IN,8.399435618873557
2005-03-31,JP,1.1530014088918423
2005-06-30,JP,1.921101894535666
2005-09-30,JP,2.4241820959094498
2005-12-31,JP,1.7800862748601474
2006-03-31,JP,2.3688464009273473
2006-06-30,JP,0.9090817190930377
2006-09-30,JP,0.9941391070535321
2006-12-31,JP,1.5470216545704232
2007-03-31,JP,1.4201129955895537
2007-06-30,JP,1.4507903963090576
2007-09-30,JP,1.0670749425662915
2007-12-31,JP,0.5811415034946938
2008-03-31,JP,0.01254880469269105
2008-06-30,JP,-0.6946619870132611
2008-09-30,JP,-2.2925681012043606
2008-12-31,JP,-4.175829911980523
2009-03-31,JP,-7.002595946004286
2009-06-30,JP,-4.615113905752945
2009-09-30,JP,-2.9654591870325495
2009-12-31,JP,-0.11869378003601223
2010-03-31,JP,3.4200249539240772
2010-06-30,JP,1.4296639865774543
2010-09-30,JP,4.3722477115832525
2010-12-31,JP,3.4171581861882707
2011-03-31,JP,-1.0809992096985728
2011-06-30,JP,-0.26137873593189587
2011-09-30,JP,0.5755757542139651
2011-12-31,JP,0.2946216326651437
2012-03-31,JP,3.3863845695079
2012-06-30,JP,2.835406182275406
2012-09-30,JP,1.285796295579671
2012-12-31,JP,0.4773993261727161
2013-03-31,JP,0.29833684555423734
2013-06-30,JP,2.469087837161895
2013-09-30,JP,3.2487625314517743
2013-12-31,JP,2.4087855087230627
2014-03-31,JP,1.7953611698471739
2014-06-30,JP,-0.36678720002394505
2014-09-30,JP,-0.08745697628091458
2014-12-31,JP,-1.075779281271354
2015-03-31,JP,0.2196247523907758
2015-06-30,JP,2.355608781527385
2015-09-30,JP,1.8717007500247291
2015-12-31,JP,1.7380812985546832
2016-03-31,JP,1.2685296768697423
2016-06-30,JP,0.5645104948146691
2016-09-30,JP,0.3388783668617895
2016-12-31,JP,0.7087408890780856
2017-03-31,JP,1.5952094836828823
2017-06-30,JP,0.9218485184311545
2017-09-30,JP,1.8424688080500844
2017-12-31,JP,1.126346324792489
2018-03-31,JP,0.6520495935449135
2018-06-30,JP,0.6295272871296046
2018-09-30,JP,0.06239531492679758
2018-12-31,JP,-0.13377624688877493
2019-03-31,JP,-0.5561068646482484
2019-06-30,JP,-0.49387354099130454
2019-09-30,JP,0.15940804325797725
2019-12-31,JP,-1.132955763028057
2020-03-31,JP,-2.205865362728005
2020-06-30,JP,-10.030678775403244
2020-09-30,JP,-4.546146560334881
2020-12-31,JP,-2.7024390904199866
2021-03-31,JP,-1.2660753538832972
2021-06-30,JP,2.754587361497249
2021-09-30,JP,0.3868035822649579
2021-12-31,JP,-1.2297602088954813
2005-03-31,KG,9.057432646507081
2005-06-30,KG,8.866788354676828
2005-09-30,KG,3.5282956267229273
2005-12-31,KG,3.989327520509581
2006-03-31,KG,13.598489758766826
2006-06-30,KG,9.544638062608033
2006-09-30,KG,11.16408436572215
2006-12-31,KG,10.31699187622533
2007-03-31,KG,18.22677701341984
2007-06-30,KG,21.91767394184322
2007-09-30,KG,18.795553446532082
2007-12-31,KG,15.222598423245127
2008-03-31,KG,14.89444829505899
2008-06-30,KG,23.63455189759137
2008-09-30,KG,20.826179366021357
2008-12-31,KG,31.624780005496213
2009-03-31,KG,19.065425058996347
2009-06-30,KG,20.618093942220302
2009-09-30,KG,29.639896268165632
2009-12-31,KG,26.402184811359092
2010-03-31,KG,33.86140068134582
2010-06-30,KG,8.233867994290167
2010-09-30,KG,-2.6156887230373336
2010-12-31,KG,4.2376519969142565
2011-03-31,KG,9.484498820883285
2011-06-30,KG,15.165431378906613
2011-09-30,KG,23.199954839140155
2011-12-31,KG,17.982268177805093
2012-03-31,KG,11.031225971031947
2012-06-30,KG,19.398858139825407
2012-09-30,KG,12.338490902767608
2012-12-31,KG,21.973802233281564
2013-03-31,KG,23.18007621972124
2013-06-30,KG,19.449751219195896
2013-09-30,KG,16.991491272989258
2013-12-31,KG,16.379333271091983
2014-03-31,KG,10.621397695670655
2014-06-30,KG,10.901909035241754
2014-09-30,KG,6.6837285417908365
2014-12-31,KG,7.9239525694908455
2015-03-31,KG,10.665763149476573
2015-06-30,KG,9.750063788608832
2015-09-30,KG,12.52677559603351
2015-12-31,KG,10.566535881155207
2016-03-31,KG,5.93813442207371
2016-06-30,KG,8.33495283953617
2016-09-30,KG,7.2293679333689385
2016-12-31,KG,10.46243490955985
2017-03-31,KG,13.771632746883501
2017-06-30,KG,12.521093540062772
2017-09-30,KG,8.706197730305934
2017-12-31,KG,10.236117766604156
2018-03-31,KG,6.835127100742253
2018-06-30,KG,7.40298918781666
2018-09-30,KG,9.105958145049133
2018-12-31,KG,14.563932446665529
2019-03-31,KG,13.818225774876504
2019-06-30,KG,10.386356054387411
2019-09-30,KG,5.438103010624536
2019-12-31,KG,4.822500623781719
2020-03-31,KG,5.361164448926874
2020-06-30,KG,-5.073724225476228
2020-09-30,KG,-0.8090657383459531
2020-12-31,KG,-1.2971756263228442
2021-03-31,KG,-0.8741620572874428
2021-06-30,KG,10.245142296908579
2021-09-30,KG,7.487983152586037
2021-12-31,KG,9.156490009250641
2005-03-31,KR,2.187201338890121
2005-06-30,KR,4.789064697930498
2005-09-30,KR,4.960699037878846
2005-12-31,KR,6.467493569207271
2006-03-31,KR,6.707559309823985
2006-06-30,KR,3.064656060156119
2006-09-30,KR,4.726041211039242
2006-12-31,KR,5.714350451840314
2007-03-31,KR,4.282290485029166
2007-06-30,KR,4.925570823273797
2007-09-30,KR,4.2581112544931194
2007-12-31,KR,6.6908828512134
2008-03-31,KR,6.256589146952917
2008-06-30,KR,4.799755405366897
2008-09-30,KR,3.413859997447381
2008-12-31,KR,-0.8329253649430696
2009-03-31,KR,-1.240917391681202
2009-06-30,KR,-0.941061348616022
2009-09-30,KR,1.5002016545415806
2009-12-31,KR,5.491893637438014
2010-03-31,KR,6.55092246722069
2010-06-30,KR,7.325766585869499
2010-09-30,KR,5.502702705101195
2010-12-31,KR,5.653287079165176
2011-03-31,KR,5.536951878207333
2011-06-30,KR,4.415659142766729
2011-09-30,KR,3.120505548098722
2011-12-31,KR,3.359188580609337
2012-03-31,KR,2.642596317066638
2012-06-30,KR,2.179224298722219
2012-09-30,KR,1.5171686166778324
2012-12-31,KR,1.1938778787465885
2013-03-31,KR,1.817166736811879
2013-06-30,KR,2.7730280611947835
2013-09-30,KR,3.8809480467638835
2013-12-31,KR,3.7859504435274745
2014-03-31,KR,3.68777803489274
2014-06-30,KR,2.657651844799304
2014-09-30,KR,2.6248849255583955
2014-12-31,KR,2.2340978872998383
2015-03-31,KR,3.346321628809698
2015-06-30,KR,2.382513162304437
2015-09-30,KR,2.571193419715603
2015-12-31,KR,2.4225360069372566
2016-03-31,KR,3.349194215603019
2016-06-30,KR,2.5904045476895807
2016-09-30,KR,2.799548221822983
2016-12-31,KR,2.8205130566997862
2017-03-31,KR,2.069001393398732
2017-06-30,KR,3.0183595225709974
2017-09-30,KR,2.1598101722468552
2017-12-31,KR,3.0300701234004226
2018-03-31,KR,3.505997407745164
2018-06-30,KR,2.0203096167893415
2018-09-30,KR,2.8995667808771413
2018-12-31,KR,2.4367092288085694
2019-03-31,KR,1.7416469674485353
2019-06-30,KR,2.427549099536777
2019-09-30,KR,1.0735427241062112
2019-12-31,KR,2.336752217735145
2020-03-31,KR,2.021540790227146
2020-06-30,KR,-3.2133577405297657
2020-09-30,KR,-0.8811901122858119
2020-12-31,KR,-0.7908500097879934
2021-03-31,KR,2.4120732900526067
2021-06-30,KR,4.9790916483206145
2021-09-30,KR,3.610378885166882
2021-12-31,KR,2.8957503358978776
2005-03-31,KZ,18.382473187342946
2005-06-30,KZ,21.41771762402388
2005-09-30,KZ,14.844231157420197
2005-12-31,KZ,13.160104442586714
2006-03-31,KZ,9.83660298870507
2006-06-30,KZ,11.127262065002634
2006-09-30,KZ,10.631875169127431
2006-12-31,KZ,9.793659691014346
2007-03-31,KZ,12.282721956216003
2007-06-30,KZ,10.527592219665895
2007-09-30,KZ,9.254834413645332
2007-12-31,KZ,6.047378919576318
2008-03-31,KZ,5.2118129691065205
2008-06-30,KZ,6.432028126578627
2008-09-30,KZ,1.3384462109987991
2008-12-31,KZ,1.8713517179596129
2009-03-31,KZ,-1.9901503566603505
2009-06-30,KZ,-2.18413520370512
2009-09-30,KZ,0.9978587936076149
2009-12-31,KZ,9.606048923152887
2010-03-31,KZ,6.8159454629582585
2010-06-30,KZ,9.251712183206788
2010-09-30,KZ,7.430473475221876
2010-12-31,KZ,6.046397162590205
2011-03-31,KZ,5.891353791575518
2011-06-30,KZ,8.31361664261398
2011-09-30,KZ,5.116213058351511
2011-12-31,KZ,6.429889509951254
2012-03-31,KZ,4.629780674999128
2012-06-30,KZ,3.73441349811608
2012-09-30,KZ,5.607535676957411
2012-12-31,KZ,5.667462103187676
2013-03-31,KZ,4.643041615278218
2013-06-30,KZ,4.482659640626493
2013-09-30,KZ,5.254003156754646
2013-12-31,KZ,6.877059678065839
2014-03-31,KZ,3.9886132855505734
2014-06-30,KZ,3.858127598259737
2014-09-30,KZ,2.988031255537354
2014-12-31,KZ,3.6045069943760324
2015-03-31,KZ,3.6181112202468975
2015-06-30,KZ,2.3302353503887163
2015-09-30,KZ,1.391980157146508
2015-12-31,KZ,2.2420357852357937
2016-03-31,KZ,1.536876487162321
2016-06-30,KZ,1.1642361661098435
2016-09-30,KZ,2.4066112591488515
2016-12-31,KZ,4.8519252581714
2017-03-31,KZ,3.810426206105891
2017-06-30,KZ,4.531859492159908
2017-09-30,KZ,4.8527432541315
2017-12-31,KZ,3.7401613392778676
2018-03-31,KZ,2.9361309519375047
2018-06-30,KZ,4.71171441031837
2018-09-30,KZ,2.8057558920472734
2018-12-31,KZ,3.7952511849479107
2019-03-31,KZ,3.467787376903093
2019-06-30,KZ,2.152093408957195
2019-09-30,KZ,1.9177796789378156
2019-12-31,KZ,3.550098958595664
2020-03-31,KZ,-1.3011273587388406
2020-06-30,KZ,-7.082010299719618
2020-09-30,KZ,-5.447293416770212
2020-12-31,KZ,-2.272413911321229
2021-03-31,KZ,0.8770482359971175
2021-06-30,KZ,7.133658636464032
2021-09-30,KZ,5.134173697887677
2021-12-31,KZ,5.009915526776394
2005-03-31,LK,6.500604324831978
2005-06-30,LK,9.127584070291588
2005-09-30,LK,6.981250222766382
2005-12-31,LK,5.860347359375131
2006-03-31,LK,8.4868590866424
2006-06-30,LK,6.283699258126729
2006-09-30,LK,7.961124035257846
2006-12-31,LK,8.698000391254471
2007-03-31,LK,9.272935196233192
2007-06-30,LK,5.700513442824071
2007-09-30,LK,7.127446098038727
2007-12-31,LK,6.289398303187005
2008-03-31,LK,5.689010306935933
2008-06-30,LK,7.303645518104159
2008-09-30,LK,6.861316963324785
2008-12-31,LK,4.847815829662592
2009-03-31,LK,2.860246468231968
2009-06-30,LK,4.309242406397626
2009-09-30,LK,4.96897620576023
2009-12-31,LK,5.968995569980345
2010-03-31,LK,8.438699386953079
2010-06-30,LK,13.444401517960202
2010-09-30,LK,17.791018288136996
2010-12-31,LK,23.890482664092495
2011-03-31,LK,7.809534219326248
2011-06-30,LK,7.535251870830405
2011-09-30,LK,9.600915682885361
2011-12-31,LK,6.868151075330012
2012-03-31,LK,5.402823515475125
2012-06-30,LK,5.163234540389827
2012-09-30,LK,4.639134688031907
2012-12-31,LK,4.960503157163186
2013-03-31,LK,3.8907159643150457
2013-06-30,LK,5.84919210806368
2013-09-30,LK,5.646970186992911
2013-12-31,LK,4.698443968056802
2014-03-31,LK,5.370655461646328
2014-06-30,LK,5.002834007116322
2014-09-30,LK,4.65446114528383
2014-12-31,LK,6.510452070733413
2015-03-31,LK,3.477458266817506
2015-06-30,LK,4.40926342983404
2015-09-30,LK,5.082345887651013
2015-12-31,LK,4.206162989480498
2016-03-31,LK,4.643334021624023
2016-06-30,LK,4.133079983760885
2016-09-30,LK,4.115271001328513
2016-12-31,LK,4.712756623965927
2017-03-31,LK,4.680396412947025
2017-06-30,LK,4.814482815872208
2017-09-30,LK,5.470510617448768
2017-12-31,LK,5.65998223377027
2018-03-31,LK,4.376539877803135
2018-06-30,LK,3.9147635087330253
2018-09-30,LK,2.4400342925120606
2018-12-31,LK,1.7782425948819338
2019-03-31,LK,3.08272874859189
2019-06-30,LK,2.926621352614922
2019-09-30,LK,3.7301090562907753
2019-12-31,LK,3.6830948277524707
2020-03-31,LK,1.9357458175365785
2020-06-30,LK,-6.287967429557805
2020-09-30,LK,2.274612912174538
2020-12-31,LK,2.7962060607001114
2021-03-31,LK,3.266825010183293
2021-06-30,LK,5.052711783923023
2021-09-30,LK,1.3974800792320574
2021-12-31,LK,4.352050648678857
2005-03-31,MN,21.45703994610812
2005-06-30,MN,15.192702488093085
2005-09-30,MN,4.2577088901523865
2005-12-31,MN,3.7926698662160616
2006-03-31,MN,22.548862515199993
2006-06-30,MN,11.577188747684534
2006-09-30,MN,5.956802217346694
2006-12-31,MN,10.286408279879428
2007-03-31,MN,6.965662045349468
2007-06-30,MN,7.127111322449918
2007-09-30,MN,7.685135884784346
2007-12-31,MN,6.9956386661968555
2008-03-31,MN,9.628491873005336
2008-06-30,MN,6.961684065224977
2008-09-30,MN,14.300430850639724
2008-12-31,MN,4.6941928784456
2009-03-31,MN,-4.038484737733374
2009-06-30,MN,-0.14233970782106947
2009-09-30,MN,-1.0554108932434185
2009-12-31,MN,1.5577006184157165
2010-03-31,MN,10.236924488455767
2010-06-30,MN,9.990526713876283
2010-09-30,MN,8.309369950980896
2010-12-31,MN,6.114878918159009
2011-03-31,MN,25.17639995111828
2011-06-30,MN,9.900997979825327
2011-09-30,MN,19.780821672125874
2011-12-31,MN,14.187200924847463
2012-03-31,MN,5.69816197317468
2012-06-30,MN,14.516702701053442
2012-09-30,MN,8.64320503426367
2012-12-31,MN,8.300326118523012
2013-03-31,MN,9.76426259587827
2013-06-30,MN,11.08197926785095
2013-09-30,MN,9.123295615684105
2013-12-31,MN,13.181227896016727
2014-03-31,MN,8.027696092200099
2014-06-30,MN,4.854744784483132
2014-09-30,MN,9.396038236048884
2014-12-31,MN,9.146220284254259
2015-03-31,MN,3.1142496053684723
2015-06-30,MN,1.6721637951604655
2015-09-30,MN,3.824540236660512
2015-12-31,MN,-2.941660411619485
2016-03-31,MN,0.8082150326015617
2016-06-30,MN,1.9313111483732073
2016-09-30,MN,-1.5899054153603633
2016-12-31,MN,7.454134408717678
2017-03-31,MN,7.660704829867649
2017-06-30,MN,4.107591524906366
2017-09-30,MN,6.531894634865894
2017-12-31,MN,4.512118174377914
2018-03-31,MN,3.3334110928927436
2018-06-30,MN,6.498724390222415
2018-09-30,MN,5.904241479259957
2018-12-31,MN,8.187835252603435
2019-03-31,MN,7.822119767793241
2019-06-30,MN,7.7883381980139745
2019-09-30,MN,4.966331035504611
2019-12-31,MN,3.8664242129171216
2020-03-31,MN,-1.842933384812834
2020-06-30,MN,-5.160293927674815
2020-09-30,MN,-1.4843509607228371
2020-12-31,MN,-0.16521796335459477
2021-03-31,MN,8.952047515140212
2021-06-30,MN,5.569323420280138
2021-09-30,MN,6.048734819498704
2021-12-31,MN,7.289580177299371
2005-03-31,MY,6.686747982337441
2005-06-30,MY,6.36696374674174
2005-09-30,MY,4.925272731855845
2005-12-31,MY,5.977300734790356
2006-03-31,MY,5.058916464859608
2006-06-30,MY,4.937427317682086
2006-09-30,MY,5.387922202792749
2006-12-31,MY,6.232527807069771
2007-03-31,MY,5.073772290541813
2007-06-30,MY,6.415866932555611
2007-09-30,MY,5.897518041627471
2007-12-31,MY,6.629207317518836
2008-03-31,MY,7.05540607195981
2008-06-30,MY,6.6230840750452415
2008-09-30,MY,5.113533424430819
2008-12-31,MY,1.3735021477615037
2009-03-31,MY,-2.4437378599053723
2009-06-30,MY,-1.2157139932464152
2009-09-30,MY,1.0944863762767365
2009-12-31,MY,4.353457275699379
2010-03-31,MY,9.323171952341616
2010-06-30,MY,8.498130506689847
2010-09-30,MY,5.338995604861318
2010-12-31,MY,5.84631719052974
2011-03-31,MY,4.678991916911661
2011-06-30,MY,3.6916621870559228
2011-09-30,MY,5.993564818760138
2011-12-31,MY,4.330290133611991
2012-03-31,MY,4.5092258877420495
2012-06-30,MY,4.419835423670084
2012-09-30,MY,4.880492017916805
2012-12-31,MY,5.870863683836432
2013-03-31,MY,6.381136059204056
2013-06-30,MY,5.309798307258337
2013-09-30,MY,4.892218766659687
2013-12-31,MY,5.260972501064063
2014-03-31,MY,6.062491364469738
2014-06-30,MY,6.49375127483663
2014-09-30,MY,6.390829633285273
2014-12-31,MY,5.112403241334696
2015-03-31,MY,5.112704120017374
2015-06-30,MY,4.555522025626516
2015-09-30,MY,3.6595304558055917
2015-12-31,MY,4.781221432507765
2016-03-31,MY,4.382887460260477
2016-06-30,MY,4.312476011330786
2016-09-30,MY,4.871692285286788
2016-12-31,MY,3.971981659800234
2017-03-31,MY,5.185416056310357
2017-06-30,MY,5.008133492491822
2017-09-30,MY,4.382638134861534
2017-12-31,MY,5.782095736355856
2018-03-31,MY,5.407541093640137
2018-06-30,MY,3.5930649322825494
2018-09-30,MY,3.9012478031000093
2018-12-31,MY,4.516130074702295
2019-03-31,MY,4.756378977428255
2019-06-30,MY,5.399625270019507
2019-09-30,MY,4.221297341839273
2019-12-31,MY,4.0748234938627395
2020-03-31,MY,-1.2597901859432663
2020-06-30,MY,-14.210457287441468
2020-09-30,MY,-2.3047915120039955
2020-12-31,MY,-3.862694520210134
2021-03-31,MY,-0.8648134541836464
2021-06-30,MY,5.294235116262373
2021-09-30,MY,-2.700753373592997
2021-12-31,MY,6.170382550568936
2005-03-31,NZ,0.9735065368740852
2005-06-30,NZ,3.5856873702961067
2005-09-30,NZ,3.4981864617603238
2005-12-31,NZ,3.218056511891335
2006-03-31,NZ,5.507479547833766
2006-06-30,NZ,1.3893354644659255
2006-09-30,NZ,2.7649224055470696
2006-12-31,NZ,3.5110600640745155
2007-03-31,NZ,2.3464402456289264
2007-06-30,NZ,6.192780067609669
2007-09-30,NZ,3.8603079170280035
2007-12-31,NZ,3.2915006266961706
2008-03-31,NZ,3.111482607462743
2008-06-30,NZ,0.04788018096692033
2008-09-30,NZ,0.1183380817300379
2008-12-31,NZ,-2.5385517048630546
2009-03-31,NZ,-1.7443516024291774
2009-06-30,NZ,-0.6124457268709161
2009-09-30,NZ,1.0412324758137683
2009-12-31,NZ,3.6482613054044037
2010-03-31,NZ,3.96385123298174
2010-06-30,NZ,3.945001680482419
2010-09-30,NZ,1.781808075956496
2010-12-31,NZ,1.0703442036527722
2011-03-31,NZ,0.9894373656122168
2011-06-30,NZ,0.38363725543726174
2011-09-30,NZ,2.0132394485119294
2011-12-31,NZ,2.8910295398357135
2012-03-31,NZ,2.354867011809909
2012-06-30,NZ,2.748103052193793
2012-09-30,NZ,2.2472139930056882
2012-12-31,NZ,1.6842426609023704
2013-03-31,NZ,4.183711336191449
2013-06-30,NZ,1.8651975269274388
2013-09-30,NZ,2.353779812434648
2013-12-31,NZ,2.2492536098097764
2014-03-31,NZ,3.0165627495624543
2014-06-30,NZ,3.1023199437998916
2014-09-30,NZ,4.0528860725376665
2014-12-31,NZ,3.7463081586256406
2015-03-31,NZ,4.130413501272635
2015-06-30,NZ,2.896518414876835
2015-09-30,NZ,3.2593348807190012
2015-12-31,NZ,3.2150257701552434
2016-03-31,NZ,2.788048360048484
2016-06-30,NZ,3.617151972404359
2016-09-30,NZ,3.665107487943682
2016-12-31,NZ,2.303642330671063
2017-03-31,NZ,3.1581880266169144
2017-06-30,NZ,3.868882380904663
2017-09-30,NZ,3.6668004999206048
2017-12-31,NZ,3.8104193583513286
2018-03-31,NZ,3.015771284717277
2018-06-30,NZ,3.589267184177308
2018-09-30,NZ,3.801929378028788
2018-12-31,NZ,3.815030904921971
2019-03-31,NZ,2.4259287770042395
2019-06-30,NZ,2.8733357943532654
2019-09-30,NZ,3.3576470727274677
2019-12-31,NZ,2.1309311747355677
2020-03-31,NZ,-0.8085089554494074
2020-06-30,NZ,-7.917354131501075
2020-09-30,NZ,-0.8735612388386761
2020-12-31,NZ,-0.3713639808818444
2021-03-31,NZ,4.230048583471258
2021-06-30,NZ,6.342188856150555
2021-09-30,NZ,4.429061966643278
2021-12-31,NZ,-0.5570631628146524
2005-03-31,PH,5.267567594679435
2005-06-30,PH,5.948947946203118
2005-09-30,PH,5.7925670653319425
2005-12-31,PH,6.463795765849083
2006-03-31,PH,6.894137552414638
2006-06-30,PH,6.940792674741061
2006-09-30,PH,6.684617657773408
2006-12-31,PH,6.475590954788089
2007-03-31,PH,6.183253526929878
2007-06-30,PH,5.035602428495527
2007-09-30,PH,6.888320676013396
2007-12-31,PH,6.322194744310798
2008-03-31,PH,5.71420270580924
2008-06-30,PH,4.217659727591782
2008-09-30,PH,6.678003416469205
2008-12-31,PH,3.475343207110579
2009-03-31,PH,1.4359677166673621
2009-06-30,PH,3.224417153028951
2009-09-30,PH,2.7257663463623647
2009-12-31,PH,1.7904584111161064
2010-03-31,PH,7.832509488958531
2010-06-30,PH,7.4242118320310855
2010-09-30,PH,7.653518083862737
2010-12-31,PH,7.201415281333884
2011-03-31,PH,4.880984809374425
2011-06-30,PH,4.781700175087396
2011-09-30,PH,4.539718251160897
2011-12-31,PH,4.253838458264668
2012-03-31,PH,6.103278153098312
2012-06-30,PH,5.918251812745415
2012-09-30,PH,5.621517550281331
2012-12-31,PH,7.291743162066046
2013-03-31,PH,6.763052433049701
2013-06-30,PH,6.8151024540791365
2013-09-30,PH,6.979867861988135
2013-12-31,PH,5.654096180117533
2014-03-31,PH,5.151528234195709
2014-06-30,PH,5.988542950229055
2014-09-30,PH,5.197940989220197
2014-12-31,PH,6.240506065046452
2015-03-31,PH,5.515998557182533
2015-06-30,PH,5.877718110782008
2015-09-30,PH,6.248479392944761
2015-12-31,PH,4.179776338016273
2016-03-31,PH,6.820292036430979
2016-06-30,PH,4.95211193849883
2016-09-30,PH,6.475593414160616
2016-12-31,PH,4.274941784783367
2017-03-31,PH,5.243495488644325
2017-06-30,PH,6.094095164306845
2017-09-30,PH,6.993087655768863
2017-12-31,PH,6.553164611164175
2018-03-31,PH,5.479982413090556
2018-06-30,PH,3.6328663954289566
2018-09-30,PH,3.9175298184317198
2018-12-31,PH,6.099326560231047
2019-03-31,PH,5.580620368984965
2019-06-30,PH,6.319532222789214
2019-09-30,PH,6.1872134851457945
2019-12-31,PH,5.079924824111711
2020-03-31,PH,-0.35104966357423983
2020-06-30,PH,-13.932560340820567
2020-09-30,PH,-9.35672953062208
2020-12-31,PH,-6.981358395276627
2021-03-31,PH,-2.9323173774833973
2021-06-30,PH,3.6138251138086175
2021-09-30,PH,4.084311452193715
2021-12-31,PH,3.4940342511031575
2005-03-31,SG,5.522784174562158
2005-06-30,SG,6.700557346826024
2005-09-30,SG,6.604547493105808
2005-12-31,SG,9.164666709063372
2006-03-31,SG,7.410218910034338
2006-06-30,SG,8.422390285548772
2006-09-30,SG,6.058382156736645
2006-12-31,SG,5.584930834439266
2007-03-31,SG,7.0136144001925205
2007-06-30,SG,5.877475728564649
2007-09-30,SG,8.805326648022765
2007-12-31,SG,6.3077836565054906
2008-03-31,SG,7.048537056564278
2008-06-30,SG,4.637042109026763
2008-09-30,SG,3.135421205774665
2008-12-31,SG,2.974552300407658
2009-03-31,SG,2.2068464473814444
2009-06-30,SG,5.372830430796691
2009-09-30,SG,4.103538981184033
2009-12-31,SG,6.318611992627365
2010-03-31,SG,7.847780829647929
2010-06-30,SG,5.706477991349918
2010-09-30,SG,5.509222745362354
2010-12-31,SG,6.693799934791341
2011-03-31,SG,5.541891438565411
2011-06-30,SG,6.593263556044439
2011-09-30,SG,6.449014573007716
2011-12-31,SG,4.719947278275445
2012-03-31,SG,4.709380753505479
2012-06-30,SG,4.210539101616917
2012-09-30,SG,3.9675274681347785
2012-12-31,SG,5.646567544374053
2013-03-31,SG,4.729465135374092
2013-06-30,SG,4.597057203784445
2013-09-30,SG,5.8337664890732155
2013-12-31,SG,4.734582131348935
2014-03-31,SG,5.9902425281673235
2014-06-30,SG,5.336838472342028
2014-09-30,SG,4.735108391273535
2014-12-31,SG,5.046997287275127
2015-03-31,SG,3.3251037508946792
2015-06-30,SG,3.789758481247013
2015-09-30,SG,3.4162908820730236
2015-12-31,SG,3.525889297063171
2016-03-31,SG,4.30648890008289
2016-06-30,SG,4.4858066466059325
2016-09-30,SG,3.796824406048266
2016-12-31,SG,3.9029566816232317
2017-03-31,SG,4.225149999274391
2017-06-30,SG,3.3025770909719308
2017-09-30,SG,5.404494253989084
2017-12-31,SG,4.732576855453583
2018-03-31,SG,4.397003731558289
2018-06-30,SG,5.0562519171290905
2018-09-30,SG,3.7263599686559843
2018-12-31,SG,3.4616146911689656
2019-03-31,SG,4.09198445225789
2019-06-30,SG,4.280976314198786
2019-09-30,SG,5.24968927293641
2019-12-31,SG,4.481547618390285
2020-03-31,SG,0.9897885135168943
2020-06-30,SG,-7.129850375774756
2020-09-30,SG,-3.1498556649308043
2020-12-31,SG,-1.7404064782540796
2021-03-31,SG,2.159633483498097
2021-06-30,SG,7.392147787342947
2021-09-30,SG,3.990406967606547
2021-12-31,SG,3.0593170390235818
2005-03-31,TH,4.731526111669919
2005-06-30,TH,4.549021815436034
2005-09-30,TH,4.9801307129564325
2005-12-31,TH,4.988008050795956
2006-03-31,TH,5.9453040602869605
2006-06-30,TH,4.060679231918446
2006-09-30,TH,4.284713659434591
2006-12-31,TH,3.7544624512691085
2007-03-31,TH,5.047901141544431
2007-06-30,TH,5.800090382254826
2007-09-30,TH,5.20476653165526
2007-12-31,TH,4.702364979086517
2008-03-31,TH,1.6802208243129524
2008-06-30,TH,3.6028789907974534
2008-09-30,TH,3.325344179715228
2008-12-31,TH,-2.6996384367406026
2009-03-31,TH,-3.6306394074039305
2009-06-30,TH,-3.1922674941743656
2009-09-30,TH,-1.431875071051882
2009-12-31,TH,5.447009448813056
2010-03-31,TH,10.641432553703122
2010-06-30,TH,6.933381167792187
2010-09-30,TH,5.518925507220986
2010-12-31,TH,2.7776518157101897
2011-03-31,TH,2.2911078222062335
2011-06-30,TH,2.3233471932436296
2011-09-30,TH,3.2355379157590236
2011-12-31,TH,0.013872461543544623
2012-03-31,TH,3.333401469199761
2012-06-30,TH,4.458193072129553
2012-09-30,TH,5.570238549274151
2012-12-31,TH,9.03732981677228
2013-03-31,TH,5.072853612525434
2013-06-30,TH,3.8463522901518914
2013-09-30,TH,3.737410306325745
2013-12-31,TH,3.5306839997407193
2014-03-31,TH,2.09946344317989
2014-06-30,TH,2.044904390324241
2014-09-30,TH,2.9123024120596743
2014-12-31,TH,2.3921742501139507
2015-03-31,TH,2.737667845935918
2015-06-30,TH,0.8338464653995008
2015-09-30,TH,1.591618859464138
2015-12-31,TH,3.312551059629988
2016-03-31,TH,2.7399526967547976
2016-06-30,TH,3.1667734786616117
2016-09-30,TH,2.211290454117586
2016-12-31,TH,1.513706907635814
2017-03-31,TH,3.80696416231187
2017-06-30,TH,3.0795715497501126
2017-09-30,TH,3.2773564103352184
2017-12-31,TH,3.971767547430317
2018-03-31,TH,4.2857097539737055
2018-06-30,TH,3.6256501627256457
2018-09-30,TH,2.8625609196427297
2018-12-31,TH,3.6495235523961176
2019-03-31,TH,2.440933578523081
2019-06-30,TH,2.947325355047899
2019-09-30,TH,2.489424281746997
2019-12-31,TH,0.5496056477672213
2020-03-31,TH,-2.4420419357046437
2020-06-30,TH,-9.085878457831223
2020-09-30,TH,-3.475730978957278
2020-12-31,TH,-1.9188954292341112
2021-03-31,TH,-1.6516257256630855
2021-06-30,TH,4.1504719292446035
2021-09-30,TH,-0.29659539624637704
2021-12-31,TH,1.9716774363721634
2005-03-31,TW,4.914009899513193
2005-06-30,TW,5.9820356877510115
2005-09-30,TW,4.623992001104707
2005-12-31,TW,6.625480623492372
2006-03-31,TW,4.878867159196187
2006-06-30,TW,7.41642117869273
2006-09-30,TW,6.3165059521749924
2006-12-31,TW,3.9840787711191004
2007-03-31,TW,5.851059495170761
2007-06-30,TW,3.13241741136338
2007-09-30,TW,3.7824655339651256
2007-12-31,TW,4.656103553711686
2008-03-31,TW,4.48445474271467
2008-06-30,TW,5.549811914450199
2008-09-30,TW,2.475394018457055
2008-12-31,TW,2.05639490152006
2009-03-31,TW,0.16318265361402048
2009-06-30,TW,0.2133835495292133
2009-09-30,TW,2.369448480837803
2009-12-31,TW,3.666445315966328
2010-03-31,TW,7.100259348742327
2010-06-30,TW,6.218675742111998
2010-09-30,TW,7.598157229638636
2010-12-31,TW,6.383887942346453
2011-03-31,TW,5.299005264822543
2011-06-30,TW,4.122545270855045
2011-09-30,TW,3.410805787907468
2011-12-31,TW,4.586897625171153
2012-03-31,TW,3.908257334052377
2012-06-30,TW,3.923217631295387
2012-09-30,TW,4.121627012039321
2012-12-31,TW,5.908211922498993
2013-03-31,TW,4.3141988406567515
2013-06-30,TW,3.943853362546663
2013-09-30,TW,3.456477147681288
2013-12-31,TW,3.692523718161695
2014-03-31,TW,3.332286778548802
2014-06-30,TW,3.293898106132802
2014-09-30,TW,3.4380294575939354
2014-12-31,TW,2.669965874617408
2015-03-31,TW,2.7539734098547504
2015-06-30,TW,2.9068585868691934
2015-09-30,TW,2.515540088194302
2015-12-31,TW,2.694918050413379
2016-03-31,TW,3.5732933156911386
2016-06-30,TW,2.8929720070020664
2016-09-30,TW,1.3918644138155487
2016-12-31,TW,2.8159935655927555
2017-03-31,TW,2.4246648247784877
2017-06-30,TW,2.6549090340778365
2017-09-30,TW,4.037987244422554
2017-12-31,TW,3.275649734100206
2018-03-31,TW,3.859312557994432
2018-06-30,TW,2.9422126835139126
2018-09-30,TW,3.131247401227262
2018-12-31,TW,1.9213018628490377
2019-03-31,TW,1.9694371481608186
2019-06-30,TW,2.8950068360508445
2019-09-30,TW,2.8268413101158796
2019-12-31,TW,2.865889425621255
2020-03-31,TW,1.5863626876248644
2020-06-30,TW,-0.2044808450855299
2020-09-30,TW,0.8443274727867894
2020-12-31,TW,1.9283479449944934
2021-03-31,TW,5.333819004986602
2021-06-30,TW,4.1452229853599265
2021-09-30,TW,3.3838473261339397
2021-12-31,TW,3.423250674683559
2005-03-31,VN,10.458761092026041
2005-06-30,VN,10.744867355260062
2005-09-30,VN,14.193548968609926
2005-12-31,VN,11.19814511905587
2006-03-31,VN,10.617667768669643
2006-06-30,VN,8.598188526900206
2006-09-30,VN,10.36696994231431
2006-12-31,VN,8.515318913051775
2007-03-31,VN,4.448463618145729
2007-06-30,VN,7.719125028909009
2007-09-30,VN,8.065030595103464
2007-12-31,VN,4.439603072765808
2008-03-31,VN,5.368732768560566
2008-06-30,VN,5.574405856148349
2008-09-30,VN,3.4798676822980448
2008-12-31,VN,2.5141691928630454
2009-03-31,VN,1.750112321759532
2009-06-30,VN,4.829387946615628
2009-09-30,VN,2.101726501036741
2009-12-31,VN,6.617283318176161
2010-03-31,VN,5.657607734407184
2010-06-30,VN,7.540628353204407
2010-09-30,VN,7.060659366120478
2010-12-31,VN,5.763063380359822
2011-03-31,VN,6.618448569484356
2011-06-30,VN,5.524568027943191
2011-09-30,VN,6.410331955612759
2011-12-31,VN,7.292807992585656
2012-03-31,VN,5.041676459298437
2012-06-30,VN,4.836541877068399
2012-09-30,VN,6.267528739346034
2012-12-31,VN,5.664411742253183
2013-03-31,VN,5.6450649291014106
2013-06-30,VN,6.411813398211318
2013-09-30,VN,6.063921638848623
2013-12-31,VN,6.571065679491047
2014-03-31,VN,5.189664809113616
2014-06-30,VN,4.699964560584403
2014-09-30,VN,5.669008963955932
2014-12-31,VN,5.074925629605866
2015-03-31,VN,6.747996738376524
2015-06-30,VN,5.826988339437181
2015-09-30,VN,6.135956140905888
2015-12-31,VN,6.332190614613575
2016-03-31,VN,6.098926522869851
2016-06-30,VN,4.834588307839733
2016-09-30,VN,5.9843475214985515
2016-12-31,VN,6.2319570366512655
2017-03-31,VN,5.381671564646172
2017-06-30,VN,6.837026484597388
2017-09-30,VN,8.75988114002562
2017-12-31,VN,7.413559237755768
2018-03-31,VN,7.893115184716544
2018-06-30,VN,6.321708982898405
2018-09-30,VN,6.2681262813832035
2018-12-31,VN,5.82835983859993
2019-03-31,VN,7.008294218877426
2019-06-30,VN,6.985263751308151
2019-09-30,VN,7.523458036703433
2019-12-31,VN,6.664710563572664
2020-03-31,VN,3.851919643283759
2020-06-30,VN,2.475018211887251
2020-09-30,VN,2.0482288077010433
2020-12-31,VN,5.2359490646557365
2021-03-31,VN,3.086628104066213
2021-06-30,VN,5.912107795799261
2021-09-30,VN,-0.22722161220601395
2021-12-31,VN,2.285645667368068
